<?xml version="1.0" encoding="UTF-8"?><metadata>
    <idinfo>
        <citation>
            <citeinfo>
                <title>Map</title>
            </citeinfo>
        </citation>
        <descript>
            <abstract>These points represent private schools as approved
through the Washington State Board of Education. For more information please
visit the SBE website. 

Displays data from CARTO.PRIV_SCH.  Labels based
on the attribute NAME.  Data is downloaded from website as an .xlsx, then
queried for City = Seattle, then geocoded.

Updated as needed, last update October 2023.</abstract>
            <purpose>Point locations for private schools in the City of Seattle.</purpose>
        </descript>
        <keywords>
            <theme>
                <themekt>None</themekt>
                <themekey>school</themekey>
                <themekey>education</themekey>
                <themekey>GIS</themekey>
            </theme>
        </keywords>
        <accconst>None</accconst>
        <useconst>The City of Seattle makes no representation or warranty as to its accuracy, and in particular, its accuracy as to labeling, dimensions, contours, property boundaries, or placement or location or any map feature thereof.</useconst>
        <datacred>City of Seattle, Enterprise Data</datacred>
    </idinfo>
    <metainfo>
        <metstdn>FGDC Content Standard for Digital Geospatial Metadata</metstdn>
        <metstdv>FGDC-STD-001-1998</metstdv>
        <mettc>local time</mettc>
    </metainfo>
</metadata>
